<?xml version="1.0" encoding="UTF-8"?>
<node>
<version>6</version>
<dict>
  <key>title</key><string>findOneAndDelete()</string>
  <key>nodeid</key><string>2d1d51bb-23e2-4f4d-a011-a2548aa3cb8e</string>
  <key>modified_time</key><integer>1593284538</integer>
  <key>version</key><integer>6</integer>
  <key>content_type</key><string>text/xhtml+xml</string>
  <key>created_time</key><integer>1593284477</integer>
  <key>info_sort_dir</key><integer>1</integer>
  <key>order</key><integer>5</integer>
  <key>info_sort</key><string>order</string>
</dict>
</node>
