<?xml version="1.0" encoding="UTF-8"?>
<node>
<version>6</version>
<dict>
  <key>title</key><string>Trash</string>
  <key>nodeid</key><string>fd4ab55e-f366-47d4-a435-ecc233e69088</string>
  <key>modified_time</key><integer>1578093648</integer>
  <key>version</key><integer>6</integer>
  <key>content_type</key><string>application/x-notebook-trash</string>
  <key>created_time</key><integer>1578093648</integer>
  <key>info_sort_dir</key><integer>1</integer>
  <key>order</key><integer>1</integer>
  <key>info_sort</key><string>order</string>
</dict>
</node>
