<?xml version="1.0" encoding="UTF-8"?>
<node>
<version>6</version>
<dict>
  <key>title</key><string>Partials</string>
  <key>nodeid</key><string>a962d341-caee-4d5b-ae78-541c04310651</string>
  <key>modified_time</key><integer>1592501918</integer>
  <key>version</key><integer>6</integer>
  <key>content_type</key><string>text/xhtml+xml</string>
  <key>created_time</key><integer>1592501877</integer>
  <key>info_sort_dir</key><integer>1</integer>
  <key>order</key><integer>6</integer>
  <key>info_sort</key><string>order</string>
</dict>
</node>
