<?xml version="1.0" encoding="UTF-8"?>
<node>
<version>6</version>
<dict>
  <key>title</key><string>spl_autoload_register()</string>
  <key>nodeid</key><string>92d5595f-246b-4ca0-bd70-f6a041861f0e</string>
  <key>modified_time</key><integer>1584550168</integer>
  <key>version</key><integer>6</integer>
  <key>content_type</key><string>text/xhtml+xml</string>
  <key>created_time</key><integer>1584487390</integer>
  <key>info_sort_dir</key><integer>1</integer>
  <key>order</key><integer>10</integer>
  <key>info_sort</key><string>order</string>
</dict>
</node>
