<?xml version="1.0" encoding="UTF-8"?>
<node>
<version>6</version>
<dict>
  <key>expanded</key><false/>
  <key>nodeid</key><string>97384e2c-3a4b-453e-8a33-39b02b2cec92</string>
  <key>modified_time</key><integer>1578430914</integer>
  <key>expanded2</key><true/>
  <key>content_type</key><string>application/x-notebook-dir</string>
  <key>created_time</key><integer>1578430914</integer>
  <key>info_sort_dir</key><integer>1</integer>
  <key>title</key><string>Array</string>
  <key>version</key><integer>6</integer>
  <key>order</key><integer>2</integer>
  <key>info_sort</key><string>order</string>
</dict>
</node>
