<?xml version="1.0" encoding="UTF-8"?>
<node>
<version>6</version>
<dict>
  <key>expanded</key><true/>
  <key>title</key><string>Node.js</string>
  <key>nodeid</key><string>1bcb2837-6623-4ebf-b596-3966578323af</string>
  <key>modified_time</key><integer>1592478296</integer>
  <key>version</key><integer>6</integer>
  <key>content_type</key><string>application/x-notebook-dir</string>
  <key>created_time</key><integer>1592478296</integer>
  <key>info_sort_dir</key><integer>1</integer>
  <key>order</key><integer>0</integer>
  <key>info_sort</key><string>order</string>
</dict>
</node>
