<?xml version="1.0" encoding="UTF-8"?>
<node>
<version>6</version>
<dict>
  <key>title</key><string>end()</string>
  <key>nodeid</key><string>79dc8b34-6500-443d-91d6-705df4ebed20</string>
  <key>modified_time</key><integer>1581201154</integer>
  <key>version</key><integer>6</integer>
  <key>content_type</key><string>text/xhtml+xml</string>
  <key>created_time</key><integer>1581201141</integer>
  <key>info_sort_dir</key><integer>1</integer>
  <key>order</key><integer>20</integer>
  <key>info_sort</key><string>order</string>
</dict>
</node>
