<?xml version="1.0" encoding="UTF-8"?>
<node>
<version>6</version>
<dict>
  <key>title</key><string>mysqli_stmt_bind_param()</string>
  <key>nodeid</key><string>cdecad1c-0b92-4279-aefb-cf3b30447c2d</string>
  <key>modified_time</key><integer>1581270237</integer>
  <key>version</key><integer>6</integer>
  <key>content_type</key><string>text/xhtml+xml</string>
  <key>created_time</key><integer>1581269720</integer>
  <key>info_sort_dir</key><integer>1</integer>
  <key>order</key><integer>3</integer>
  <key>info_sort</key><string>order</string>
</dict>
</node>
