<?xml version="1.0" encoding="UTF-8"?>
<node>
<version>6</version>
<dict>
  <key>title</key><string>findOneAndUpdate()</string>
  <key>nodeid</key><string>d60dcbd6-d0e1-49e6-bccf-10e2b9a8a8be</string>
  <key>modified_time</key><integer>1593284477</integer>
  <key>version</key><integer>6</integer>
  <key>content_type</key><string>text/xhtml+xml</string>
  <key>created_time</key><integer>1593284356</integer>
  <key>info_sort_dir</key><integer>1</integer>
  <key>order</key><integer>4</integer>
  <key>info_sort</key><string>order</string>
</dict>
</node>
