<?xml version="1.0" encoding="UTF-8"?>
<node>
<version>6</version>
<dict>
  <key>title</key><string>asort</string>
  <key>nodeid</key><string>52ed9b89-833b-4c6a-b84b-720b32d7db32</string>
  <key>modified_time</key><integer>1578495100</integer>
  <key>version</key><integer>6</integer>
  <key>content_type</key><string>text/xhtml+xml</string>
  <key>created_time</key><integer>1578431079</integer>
  <key>info_sort_dir</key><integer>1</integer>
  <key>order</key><integer>10</integer>
  <key>info_sort</key><string>order</string>
</dict>
</node>
