<?xml version="1.0" encoding="UTF-8"?>
<node>
<version>6</version>
<dict>
  <key>expanded</key><false/>
  <key>nodeid</key><string>c68b77eb-e481-4ac2-b182-c7cf59bd02bf</string>
  <key>modified_time</key><integer>1592484417</integer>
  <key>expanded2</key><true/>
  <key>content_type</key><string>application/x-notebook-dir</string>
  <key>created_time</key><integer>1592484417</integer>
  <key>info_sort_dir</key><integer>1</integer>
  <key>title</key><string>Router()</string>
  <key>version</key><integer>6</integer>
  <key>order</key><integer>2</integer>
  <key>info_sort</key><string>order</string>
</dict>
</node>
