<?xml version="1.0" encoding="UTF-8"?>
<node>
<version>6</version>
<dict>
  <key>title</key><string>sizeof()</string>
  <key>nodeid</key><string>7b9d6059-69ae-4848-882a-245a64d78bb2</string>
  <key>modified_time</key><integer>1581178821</integer>
  <key>version</key><integer>6</integer>
  <key>content_type</key><string>text/xhtml+xml</string>
  <key>created_time</key><integer>1581178762</integer>
  <key>info_sort_dir</key><integer>1</integer>
  <key>order</key><integer>18</integer>
  <key>info_sort</key><string>order</string>
</dict>
</node>
