<?xml version="1.0" encoding="UTF-8"?>
<node>
<version>6</version>
<dict>
  <key>expanded</key><true/>
  <key>title</key><string>Uploading files</string>
  <key>nodeid</key><string>08ba0151-bed4-499c-ba6f-a5c9368c2c83</string>
  <key>modified_time</key><integer>1581200493</integer>
  <key>version</key><integer>6</integer>
  <key>content_type</key><string>application/x-notebook-dir</string>
  <key>created_time</key><integer>1581200493</integer>
  <key>info_sort_dir</key><integer>1</integer>
  <key>order</key><integer>9</integer>
  <key>info_sort</key><string>order</string>
</dict>
</node>
