<?xml version="1.0" encoding="UTF-8"?>
<node>
<version>6</version>
<dict>
  <key>expanded</key><true/>
  <key>title</key><string>PDO</string>
  <key>nodeid</key><string>283a3d59-930e-4144-ba1e-0c2f3bc19a06</string>
  <key>modified_time</key><integer>1585248577</integer>
  <key>version</key><integer>6</integer>
  <key>content_type</key><string>application/x-notebook-dir</string>
  <key>created_time</key><integer>1585248577</integer>
  <key>info_sort_dir</key><integer>1</integer>
  <key>order</key><integer>16</integer>
  <key>info_sort</key><string>order</string>
</dict>
</node>
