<?xml version="1.0" encoding="UTF-8"?>
<node>
<version>6</version>
<dict>
  <key>title</key><string>empty()</string>
  <key>nodeid</key><string>ed45c39c-06cc-4bbb-a3fa-cfa63d476494</string>
  <key>modified_time</key><integer>1578495831</integer>
  <key>expanded2</key><true/>
  <key>version</key><integer>6</integer>
  <key>content_type</key><string>text/xhtml+xml</string>
  <key>created_time</key><integer>1578495321</integer>
  <key>info_sort_dir</key><integer>1</integer>
  <key>order</key><integer>16</integer>
  <key>info_sort</key><string>order</string>
</dict>
</node>
