<?xml version="1.0" encoding="UTF-8"?>
<node>
<version>6</version>
<dict>
  <key>title</key><string>Note on abstract classes and interfaces</string>
  <key>nodeid</key><string>38eb8b05-b6e2-4f76-b092-c481ec088078</string>
  <key>modified_time</key><integer>1585247223</integer>
  <key>version</key><integer>6</integer>
  <key>content_type</key><string>text/xhtml+xml</string>
  <key>created_time</key><integer>1585247186</integer>
  <key>info_sort_dir</key><integer>1</integer>
  <key>order</key><integer>14</integer>
  <key>info_sort</key><string>order</string>
</dict>
</node>
