<?xml version="1.0" encoding="UTF-8"?>
<node>
<version>6</version>
<dict>
  <key>title</key><string>engine()</string>
  <key>nodeid</key><string>6bae8975-380f-45e2-874b-ea87ed39abff</string>
  <key>modified_time</key><integer>1592501808</integer>
  <key>version</key><integer>6</integer>
  <key>content_type</key><string>text/xhtml+xml</string>
  <key>created_time</key><integer>1592500326</integer>
  <key>info_sort_dir</key><integer>1</integer>
  <key>order</key><integer>8</integer>
  <key>info_sort</key><string>order</string>
</dict>
</node>
