<?xml version="1.0" encoding="UTF-8"?>
<node>
<version>6</version>
<dict>
  <key>expanded</key><false/>
  <key>nodeid</key><string>d3bed217-e697-44b5-b30f-50de06dc7655</string>
  <key>modified_time</key><integer>1578430719</integer>
  <key>expanded2</key><false/>
  <key>content_type</key><string>application/x-notebook-dir</string>
  <key>created_time</key><integer>1578430719</integer>
  <key>info_sort_dir</key><integer>1</integer>
  <key>title</key><string>Criptography</string>
  <key>version</key><integer>6</integer>
  <key>order</key><integer>0</integer>
  <key>info_sort</key><string>order</string>
</dict>
</node>
