<?xml version="1.0" encoding="UTF-8"?>
<node>
<version>6</version>
<dict>
  <key>title</key><string>listen()</string>
  <key>nodeid</key><string>855a7dcb-9e70-4a56-b479-f7d86c03e127</string>
  <key>modified_time</key><integer>1592484771</integer>
  <key>version</key><integer>6</integer>
  <key>content_type</key><string>text/xhtml+xml</string>
  <key>created_time</key><integer>1592484710</integer>
  <key>info_sort_dir</key><integer>1</integer>
  <key>order</key><integer>7</integer>
  <key>info_sort</key><string>order</string>
</dict>
</node>
