<?xml version="1.0" encoding="UTF-8"?>
<node>
<version>6</version>
<dict>
  <key>title</key><string>is_array()</string>
  <key>nodeid</key><string>f97b5ef0-7673-4279-97e6-3e4b6448d468</string>
  <key>modified_time</key><integer>1578495500</integer>
  <key>version</key><integer>6</integer>
  <key>content_type</key><string>text/xhtml+xml</string>
  <key>created_time</key><integer>1578495309</integer>
  <key>info_sort_dir</key><integer>1</integer>
  <key>order</key><integer>14</integer>
  <key>info_sort</key><string>order</string>
</dict>
</node>
