<?xml version="1.0" encoding="UTF-8"?>
<node>
<version>6</version>
<dict>
  <key>title</key><string>mysqli_fetch_assoc</string>
  <key>nodeid</key><string>ad15c7c1-fcc7-455d-ab1f-4e003474685b</string>
  <key>modified_time</key><integer>1581177824</integer>
  <key>version</key><integer>6</integer>
  <key>content_type</key><string>text/xhtml+xml</string>
  <key>created_time</key><integer>1578596176</integer>
  <key>info_sort_dir</key><integer>1</integer>
  <key>order</key><integer>5</integer>
  <key>info_sort</key><string>order</string>
</dict>
</node>
