<?xml version="1.0" encoding="UTF-8"?>
<node>
<version>6</version>
<dict>
  <key>title</key><string>array_shift()</string>
  <key>nodeid</key><string>3c7ad07b-8fe0-4b28-95a7-533557a0a7a3</string>
  <key>modified_time</key><integer>1578494770</integer>
  <key>version</key><integer>6</integer>
  <key>content_type</key><string>text/xhtml+xml</string>
  <key>created_time</key><integer>1578431074</integer>
  <key>info_sort_dir</key><integer>1</integer>
  <key>order</key><integer>9</integer>
  <key>info_sort</key><string>order</string>
</dict>
</node>
