<?xml version="1.0" encoding="UTF-8"?>
<node>
<version>6</version>
<dict>
  <key>expanded</key><false/>
  <key>title</key><string>Express</string>
  <key>nodeid</key><string>b054c884-73c3-44c3-8ca8-1868c4e61599</string>
  <key>modified_time</key><integer>1592478670</integer>
  <key>version</key><integer>6</integer>
  <key>content_type</key><string>application/x-notebook-dir</string>
  <key>created_time</key><integer>1592478670</integer>
  <key>info_sort_dir</key><integer>1</integer>
  <key>order</key><integer>0</integer>
  <key>info_sort</key><string>order</string>
</dict>
</node>
